{
	"Version": 3,
	"Parameters": [
		{
			"Id": "ParamAngleX",
			"GroupId": "",
			"Name": "角度 X"
		},
		{
			"Id": "ParamAngleY",
			"GroupId": "",
			"Name": "角度 Y"
		},
		{
			"Id": "ParamAngleZ",
			"GroupId": "",
			"Name": "角度 Z"
		},
		{
			"Id": "ParamEyeROpen",
			"GroupId": "",
			"Name": "右目　開閉"
		},
		{
			"Id": "ParamEyeLOpen",
			"GroupId": "",
			"Name": "左目　開閉"
		},
		{
			"Id": "ParamMouthForm",
			"GroupId": "",
			"Name": "口　変形"
		},
		{
			"Id": "ParamMouthOpenY",
			"GroupId": "",
			"Name": "口　開閉"
		},
		{
			"Id": "ParamCheek",
			"GroupId": "",
			"Name": "照れ"
		},
		{
			"Id": "egaoParam",
			"GroupId": "",
			"Name": "笑顔"
		},
		{
			"Id": "ParamBodyAngleX",
			"GroupId": "",
			"Name": "体の回転　X"
		},
		{
			"Id": "ParamBodyAngleY",
			"GroupId": "",
			"Name": "体の回転　Y"
		},
		{
			"Id": "ParamBodyAngleZ",
			"GroupId": "",
			"Name": "体の回転　Z"
		},
		{
			"Id": "ParamBreath",
			"GroupId": "",
			"Name": "呼吸"
		},
		{
			"Id": "mimiParam",
			"GroupId": "",
			"Name": "みみ揺れ"
		},
		{
			"Id": "Paramkaban",
			"GroupId": "",
			"Name": "かばん揺れ"
		},
		{
			"Id": "rappaParam",
			"GroupId": "",
			"Name": "ラッパ揺れ"
		},
		{
			"Id": "hapuParam",
			"GroupId": "",
			"Name": "ハープ揺れ"
		}
	],
	"ParameterGroups": [],
	"Parts": [
		{
			"Id": "Part2",
			"Name": "め"
		},
		{
			"Id": "Part",
			"Name": "口"
		},
		{
			"Id": "Part3",
			"Name": "手"
		},
		{
			"Id": "Part6",
			"Name": "顔"
		},
		{
			"Id": "Part4",
			"Name": "体"
		},
		{
			"Id": "Part5",
			"Name": "アイテム"
		}
	],
	"CombinedParameters": [
		[
			"ParamAngleX",
			"ParamAngleY"
		],
		[
			"ParamMouthForm",
			"ParamMouthOpenY"
		]
	]
}